--
-- PostgreSQL database dump
--

-- Dumped from database version 17.5
-- Dumped by pg_dump version 17.5

-- Started on 2026-01-21 08:41:05

SET statement_timeout = 0;
SET lock_timeout = 0;
SET idle_in_transaction_session_timeout = 0;
SET transaction_timeout = 0;
SET client_encoding = 'UTF8';
SET standard_conforming_strings = on;
SELECT pg_catalog.set_config('search_path', '', false);
SET check_function_bodies = false;
SET xmloption = content;
SET client_min_messages = warning;
SET row_security = off;

--
-- TOC entry 232 (class 1255 OID 24849)
-- Name: update_updated_at_column(); Type: FUNCTION; Schema: public; Owner: postgres
--

CREATE FUNCTION public.update_updated_at_column() RETURNS trigger
    LANGUAGE plpgsql
    AS $$
BEGIN
    NEW.updated_at = CURRENT_TIMESTAMP;
    RETURN NEW;
END;
$$;


ALTER FUNCTION public.update_updated_at_column() OWNER TO postgres;

SET default_tablespace = '';

SET default_table_access_method = heap;

--
-- TOC entry 228 (class 1259 OID 30116)
-- Name: __EFMigrationsHistory; Type: TABLE; Schema: public; Owner: postgres
--

CREATE TABLE public."__EFMigrationsHistory" (
    "MigrationId" character varying(150) NOT NULL,
    "ProductVersion" character varying(32) NOT NULL
);


ALTER TABLE public."__EFMigrationsHistory" OWNER TO postgres;

--
-- TOC entry 225 (class 1259 OID 24941)
-- Name: called_numbers; Type: TABLE; Schema: public; Owner: postgres
--

CREATE TABLE public.called_numbers (
    called_id bigint NOT NULL,
    room_id bigint NOT NULL,
    number integer NOT NULL,
    called_at timestamp with time zone DEFAULT CURRENT_TIMESTAMP
);


ALTER TABLE public.called_numbers OWNER TO postgres;

--
-- TOC entry 224 (class 1259 OID 24940)
-- Name: called_numbers_called_id_seq; Type: SEQUENCE; Schema: public; Owner: postgres
--

ALTER TABLE public.called_numbers ALTER COLUMN called_id ADD GENERATED ALWAYS AS IDENTITY (
    SEQUENCE NAME public.called_numbers_called_id_seq
    START WITH 1
    INCREMENT BY 1
    NO MINVALUE
    NO MAXVALUE
    CACHE 1
);


--
-- TOC entry 223 (class 1259 OID 24908)
-- Name: cards; Type: TABLE; Schema: public; Owner: postgres
--

CREATE TABLE public.cards (
    card_id bigint NOT NULL,
    room_id bigint NOT NULL,
    user_id bigint NOT NULL,
    purchased_at timestamp with time zone DEFAULT CURRENT_TIMESTAMP,
    master_card_id bigint DEFAULT 0 NOT NULL
);


ALTER TABLE public.cards OWNER TO postgres;

--
-- TOC entry 222 (class 1259 OID 24907)
-- Name: cards_card_id_seq; Type: SEQUENCE; Schema: public; Owner: postgres
--

ALTER TABLE public.cards ALTER COLUMN card_id ADD GENERATED ALWAYS AS IDENTITY (
    SEQUENCE NAME public.cards_card_id_seq
    START WITH 1
    INCREMENT BY 1
    NO MINVALUE
    NO MAXVALUE
    CACHE 1
);


--
-- TOC entry 231 (class 1259 OID 30228)
-- Name: master_card_numbers; Type: TABLE; Schema: public; Owner: postgres
--

CREATE TABLE public.master_card_numbers (
    master_card_number_id bigint NOT NULL,
    master_card_id bigint NOT NULL,
    position_row integer NOT NULL,
    position_col integer NOT NULL,
    number integer
);


ALTER TABLE public.master_card_numbers OWNER TO postgres;

--
-- TOC entry 230 (class 1259 OID 30227)
-- Name: master_card_numbers_master_card_number_id_seq; Type: SEQUENCE; Schema: public; Owner: postgres
--

ALTER TABLE public.master_card_numbers ALTER COLUMN master_card_number_id ADD GENERATED ALWAYS AS IDENTITY (
    SEQUENCE NAME public.master_card_numbers_master_card_number_id_seq
    START WITH 1
    INCREMENT BY 1
    NO MINVALUE
    NO MAXVALUE
    CACHE 1
);


--
-- TOC entry 229 (class 1259 OID 30222)
-- Name: master_cards; Type: TABLE; Schema: public; Owner: postgres
--

CREATE TABLE public.master_cards (
    master_card_id bigint NOT NULL
);


ALTER TABLE public.master_cards OWNER TO postgres;

--
-- TOC entry 221 (class 1259 OID 24888)
-- Name: room_players; Type: TABLE; Schema: public; Owner: postgres
--

CREATE TABLE public.room_players (
    room_player_id bigint NOT NULL,
    room_id bigint NOT NULL,
    user_id bigint NOT NULL,
    joined_at timestamp with time zone DEFAULT CURRENT_TIMESTAMP,
    is_ready boolean DEFAULT false
);


ALTER TABLE public.room_players OWNER TO postgres;

--
-- TOC entry 220 (class 1259 OID 24887)
-- Name: room_players_room_player_id_seq; Type: SEQUENCE; Schema: public; Owner: postgres
--

ALTER TABLE public.room_players ALTER COLUMN room_player_id ADD GENERATED ALWAYS AS IDENTITY (
    SEQUENCE NAME public.room_players_room_player_id_seq
    START WITH 1
    INCREMENT BY 1
    NO MINVALUE
    NO MAXVALUE
    CACHE 1
);


--
-- TOC entry 219 (class 1259 OID 24870)
-- Name: rooms; Type: TABLE; Schema: public; Owner: postgres
--

CREATE TABLE public.rooms (
    room_id bigint NOT NULL,
    room_code character varying(10) NOT NULL,
    name character varying(100) NOT NULL,
    status integer DEFAULT 0,
    max_players integer DEFAULT 100,
    card_price numeric(8,2) DEFAULT 0.00,
    pattern integer DEFAULT 0,
    created_at timestamp with time zone DEFAULT CURRENT_TIMESTAMP,
    started_at timestamp with time zone,
    ended_at timestamp with time zone,
    scheduled_start_time timestamp with time zone
);


ALTER TABLE public.rooms OWNER TO postgres;

--
-- TOC entry 218 (class 1259 OID 24869)
-- Name: rooms_room_id_seq; Type: SEQUENCE; Schema: public; Owner: postgres
--

ALTER TABLE public.rooms ALTER COLUMN room_id ADD GENERATED ALWAYS AS IDENTITY (
    SEQUENCE NAME public.rooms_room_id_seq
    START WITH 1
    INCREMENT BY 1
    NO MINVALUE
    NO MAXVALUE
    CACHE 1
);


--
-- TOC entry 217 (class 1259 OID 24837)
-- Name: users; Type: TABLE; Schema: public; Owner: postgres
--

CREATE TABLE public.users (
    user_id bigint NOT NULL,
    username character varying(50) NOT NULL,
    phone_number character varying(100) NOT NULL,
    password_hash character varying(255) NOT NULL,
    balance numeric(10,2) DEFAULT 0.00,
    created_at timestamp with time zone DEFAULT CURRENT_TIMESTAMP,
    updated_at timestamp with time zone DEFAULT CURRENT_TIMESTAMP
);


ALTER TABLE public.users OWNER TO postgres;

--
-- TOC entry 227 (class 1259 OID 24964)
-- Name: wins; Type: TABLE; Schema: public; Owner: postgres
--

CREATE TABLE public.wins (
    win_id bigint NOT NULL,
    room_id bigint NOT NULL,
    card_id bigint NOT NULL,
    user_id bigint NOT NULL,
    claimed_at timestamp with time zone DEFAULT CURRENT_TIMESTAMP,
    verified boolean DEFAULT false,
    verified_at timestamp with time zone,
    prize numeric(10,2) DEFAULT 0.00,
    win_type integer DEFAULT 0
);


ALTER TABLE public.wins OWNER TO postgres;

--
-- TOC entry 226 (class 1259 OID 24963)
-- Name: wins_win_id_seq; Type: SEQUENCE; Schema: public; Owner: postgres
--

ALTER TABLE public.wins ALTER COLUMN win_id ADD GENERATED ALWAYS AS IDENTITY (
    SEQUENCE NAME public.wins_win_id_seq
    START WITH 1
    INCREMENT BY 1
    NO MINVALUE
    NO MAXVALUE
    CACHE 1
);


--
-- TOC entry 4899 (class 0 OID 30116)
-- Dependencies: 228
-- Data for Name: __EFMigrationsHistory; Type: TABLE DATA; Schema: public; Owner: postgres
--

COPY public."__EFMigrationsHistory" ("MigrationId", "ProductVersion") FROM stdin;
20260117153756_FixUserIdentity	9.0.0
20260118115511_AddMasterCardsRefactor	9.0.0
20260118120902_FixMasterCardColumnNaming	9.0.0
\.


--
-- TOC entry 4896 (class 0 OID 24941)
-- Dependencies: 225
-- Data for Name: called_numbers; Type: TABLE DATA; Schema: public; Owner: postgres
--

COPY public.called_numbers (called_id, room_id, number, called_at) FROM stdin;
\.


--
-- TOC entry 4894 (class 0 OID 24908)
-- Dependencies: 223
-- Data for Name: cards; Type: TABLE DATA; Schema: public; Owner: postgres
--

COPY public.cards (card_id, room_id, user_id, purchased_at, master_card_id) FROM stdin;
58	8	12345	2026-01-21 08:38:09.448741+03	3
59	8	12345	2026-01-21 08:38:12.717776+03	4
56	8	413431984	2026-01-20 21:49:52.473508+03	1
57	8	413431984	2026-01-20 21:49:53.345873+03	2
\.


--
-- TOC entry 4902 (class 0 OID 30228)
-- Dependencies: 231
-- Data for Name: master_card_numbers; Type: TABLE DATA; Schema: public; Owner: postgres
--

COPY public.master_card_numbers (master_card_number_id, master_card_id, position_row, position_col, number) FROM stdin;
127	6	3	1	6
126	6	4	1	11
128	6	5	1	14
131	6	1	2	16
135	6	2	2	21
133	6	3	2	22
134	6	4	2	24
132	6	5	2	26
142	6	1	4	46
144	6	2	4	51
143	6	3	4	52
145	6	4	4	53
141	6	5	4	54
146	6	1	5	63
148	6	2	5	64
147	6	3	5	66
150	6	4	5	67
149	6	5	5	75
157	7	1	2	16
158	7	2	2	21
160	7	3	2	22
159	7	4	2	28
156	7	5	2	29
169	7	1	4	49
166	7	2	4	51
168	7	3	4	53
167	7	4	4	55
170	7	5	4	60
173	7	1	5	68
171	7	2	5	69
172	7	3	5	70
175	7	4	5	72
174	7	5	5	73
185	8	1	2	16
182	8	2	2	18
181	8	3	2	20
183	8	4	2	22
184	8	5	2	26
192	8	1	4	46
194	8	2	4	47
193	8	3	4	48
191	8	4	4	49
195	8	5	4	58
199	8	1	5	65
198	8	2	5	66
197	8	3	5	67
200	8	4	5	68
196	8	5	5	70
207	9	1	2	20
210	9	2	2	22
209	9	3	2	23
208	9	4	2	28
206	9	5	2	29
219	9	1	4	48
220	9	2	4	49
218	9	3	4	51
217	9	4	4	56
216	9	5	4	60
221	9	1	5	62
222	9	2	5	65
223	9	3	5	66
224	9	4	5	70
225	9	5	5	71
232	10	1	2	16
234	10	2	2	17
235	10	3	2	18
233	10	4	2	19
231	10	5	2	30
244	10	1	4	46
241	10	2	4	50
242	10	3	4	51
245	10	4	4	55
243	10	5	4	56
250	10	1	5	61
247	10	2	5	67
248	10	3	5	69
246	10	4	5	73
249	10	5	5	74
258	11	1	2	17
260	11	2	2	18
259	11	3	2	19
256	11	4	2	23
257	11	5	2	29
266	11	1	4	46
269	11	2	4	55
267	11	3	4	57
270	11	4	4	58
268	11	5	4	59
273	11	1	5	61
275	11	2	5	64
271	11	3	5	66
272	11	4	5	71
274	11	5	5	73
284	12	1	2	20
281	12	2	2	22
283	12	3	2	27
282	12	4	2	29
285	12	5	2	30
294	12	1	4	46
291	12	2	4	47
295	12	3	4	55
293	12	4	4	57
292	12	5	4	60
296	12	1	5	64
297	12	2	5	67
300	12	3	5	69
298	12	4	5	71
299	12	5	5	73
307	13	1	2	20
310	13	2	2	24
306	13	3	2	26
308	13	4	2	27
309	13	5	2	28
320	13	1	4	46
316	13	2	4	50
317	13	3	4	56
318	13	4	4	57
319	13	5	4	59
321	13	1	5	61
325	13	2	5	63
324	13	3	5	66
322	13	4	5	69
323	13	5	5	70
332	14	1	2	17
334	14	2	2	18
333	14	3	2	21
331	14	4	2	26
335	14	5	2	28
342	14	1	4	50
343	14	2	4	51
345	14	3	4	54
344	14	4	4	55
341	14	5	4	59
348	14	1	5	64
346	14	2	5	69
347	14	3	5	70
276	12	5	1	15
349	14	4	5	71
350	14	5	5	74
357	15	1	2	16
360	15	2	2	20
359	15	3	2	24
356	15	4	2	27
358	15	5	2	30
370	15	1	4	46
369	15	2	4	48
366	15	3	4	52
368	15	4	4	56
367	15	5	4	60
373	15	1	5	62
372	15	2	5	63
375	15	3	5	66
374	15	4	5	68
371	15	5	5	72
382	16	1	2	17
381	16	2	2	20
384	16	3	2	23
385	16	4	2	24
383	16	5	2	26
394	16	1	4	46
391	16	2	4	48
392	16	3	4	55
393	16	4	4	58
395	16	5	4	60
397	16	1	5	67
400	16	2	5	72
398	16	3	5	73
396	16	4	5	74
399	16	5	5	75
410	17	1	2	21
406	17	2	2	23
408	17	3	2	26
407	17	4	2	27
409	17	5	2	29
418	17	1	4	47
416	17	2	4	50
420	17	3	4	51
417	17	4	4	52
419	17	5	4	58
425	17	1	5	64
422	17	2	5	67
423	17	3	5	69
424	17	4	5	72
421	17	5	5	75
431	18	1	2	16
432	18	2	2	22
435	18	3	2	26
433	18	4	2	28
434	18	5	2	30
443	18	1	4	46
442	18	2	4	52
444	18	3	4	53
445	18	4	4	54
441	18	5	4	57
446	18	1	5	61
450	18	2	5	65
448	18	3	5	71
447	18	4	5	72
449	18	5	5	73
457	19	1	2	16
458	19	2	2	26
456	19	3	2	27
459	19	4	2	28
460	19	5	2	30
468	19	1	4	46
466	19	2	4	47
467	19	3	4	53
469	19	4	4	54
470	19	5	4	60
473	19	1	5	61
474	19	2	5	64
472	19	3	5	70
475	19	4	5	71
471	19	5	5	72
482	20	1	2	22
484	20	2	2	23
483	20	3	2	24
485	20	4	2	25
481	20	5	2	28
491	20	1	4	47
492	20	2	4	51
494	20	3	4	54
493	20	4	4	59
495	20	5	4	60
498	20	1	5	61
500	20	2	5	62
496	20	3	5	71
499	20	4	5	73
497	20	5	5	75
507	21	1	2	17
508	21	2	2	19
506	21	3	2	21
509	21	4	2	27
510	21	5	2	30
520	21	1	4	47
517	21	2	4	56
519	21	3	4	57
518	21	4	4	58
516	21	5	4	59
525	21	1	5	64
521	21	2	5	67
524	21	3	5	68
522	21	4	5	69
523	21	5	5	75
534	22	1	2	22
532	22	2	2	25
533	22	3	2	27
531	22	4	2	28
535	22	5	2	29
543	22	1	4	48
544	22	2	4	51
545	22	3	4	55
542	22	4	4	57
541	22	5	4	60
550	22	1	5	61
548	22	2	5	62
547	22	3	5	66
549	22	4	5	73
546	22	5	5	75
557	23	1	2	18
556	23	2	2	21
560	23	3	2	23
558	23	4	2	24
559	23	5	2	25
569	23	1	4	52
570	23	2	4	53
566	23	3	4	54
568	23	4	4	59
567	23	5	4	60
575	23	1	5	61
573	23	2	5	64
574	23	3	5	65
572	23	4	5	73
571	23	5	5	75
581	24	1	2	17
584	24	2	2	21
585	24	3	2	22
583	24	4	2	25
582	24	5	2	28
591	24	1	4	47
593	24	2	4	48
595	24	3	4	51
592	24	4	4	58
594	24	5	4	60
597	24	1	5	63
599	24	2	5	64
600	24	3	5	66
598	24	4	5	69
596	24	5	5	73
610	25	1	2	16
607	25	2	2	21
606	25	3	2	25
608	25	4	2	28
609	25	5	2	29
616	25	1	4	53
617	25	2	4	54
618	25	3	4	57
619	25	4	4	58
620	25	5	4	59
623	25	1	5	61
622	25	2	5	65
624	25	3	5	66
621	25	4	5	70
625	25	5	5	74
631	26	1	2	18
634	26	2	2	21
632	26	3	2	22
635	26	4	2	26
633	26	5	2	28
642	26	1	4	46
645	26	2	4	49
641	26	3	4	51
644	26	4	4	53
643	26	5	4	59
646	26	1	5	62
648	26	2	5	68
650	26	3	5	69
647	26	4	5	73
649	26	5	5	74
658	27	1	2	17
657	27	2	2	18
660	27	3	2	28
659	27	4	2	29
656	27	5	2	30
669	27	1	4	50
666	27	2	4	51
667	27	3	4	55
670	27	4	4	58
668	27	5	4	60
675	27	1	5	62
671	27	2	5	67
672	27	3	5	71
674	27	4	5	73
673	27	5	5	74
681	28	1	2	18
683	28	2	2	20
685	28	3	2	22
684	28	4	2	24
682	28	5	2	26
691	28	1	4	46
695	28	2	4	52
694	28	3	4	55
692	28	4	4	58
693	28	5	4	60
698	28	1	5	63
700	28	2	5	68
699	28	3	5	69
696	28	4	5	73
697	28	5	5	74
703	29	5	1	15
709	29	1	2	19
710	29	2	2	20
706	29	3	2	22
708	29	4	2	24
707	29	5	2	25
716	29	1	4	46
717	29	2	4	47
720	29	3	4	52
718	29	4	4	57
719	29	5	4	58
725	29	1	5	64
721	29	2	5	65
723	29	3	5	67
722	29	4	5	69
724	29	5	5	75
729	30	1	1	5
730	30	2	1	6
728	30	3	1	7
727	30	4	1	10
726	30	5	1	12
731	30	1	2	17
732	30	2	2	21
735	30	3	2	22
734	30	4	2	24
733	30	5	2	30
745	30	1	4	46
743	30	2	4	47
744	30	3	4	54
741	30	4	4	55
742	30	5	4	59
749	30	1	5	62
748	30	2	5	66
746	30	3	5	68
750	30	4	5	69
747	30	5	5	71
752	31	1	1	1
751	31	2	1	4
754	31	3	1	5
755	31	4	1	9
753	31	5	1	15
757	31	1	2	16
758	31	2	2	18
759	31	3	2	19
756	31	4	2	23
760	31	5	2	25
768	31	1	4	49
766	31	2	4	50
770	31	3	4	51
767	31	4	4	55
769	31	5	4	56
773	31	1	5	61
772	31	2	5	64
774	31	3	5	67
771	31	4	5	70
775	31	5	5	74
778	32	1	1	2
780	32	2	1	3
551	23	3	1	10
776	32	3	1	5
777	32	4	1	11
779	32	5	1	15
782	32	1	2	16
784	32	2	2	19
781	32	3	2	22
783	32	4	2	23
785	32	5	2	29
795	32	1	4	47
792	32	2	4	50
791	32	3	4	55
794	32	4	4	56
793	32	5	4	59
796	32	1	5	67
797	32	2	5	70
799	32	3	5	71
800	32	4	5	72
798	32	5	5	74
804	33	1	1	1
802	33	2	1	8
803	33	3	1	11
801	33	4	1	14
805	33	5	1	15
810	33	1	2	18
807	33	2	2	19
809	33	3	2	21
808	33	4	2	28
806	33	5	2	30
817	33	1	4	48
818	33	2	4	50
819	33	3	4	52
816	33	4	4	55
820	33	5	4	60
821	33	1	5	62
822	33	2	5	63
824	33	3	5	67
823	33	4	5	69
825	33	5	5	75
827	34	1	1	4
829	34	3	1	11
828	34	4	1	12
830	34	5	1	15
831	34	1	2	16
832	34	2	2	18
833	34	3	2	20
835	34	4	2	25
834	34	5	2	28
845	34	1	4	46
843	34	2	4	47
844	34	3	4	51
841	34	4	4	59
842	34	5	4	60
847	34	1	5	63
850	34	2	5	64
849	34	3	5	69
846	34	4	5	74
848	34	5	5	75
855	35	1	1	2
852	35	2	1	3
853	35	3	1	4
851	35	4	1	7
854	35	5	1	8
857	35	1	2	16
856	35	2	2	17
858	35	3	2	19
859	35	4	2	25
860	35	5	2	30
869	35	1	4	54
868	35	2	4	56
870	35	3	4	57
867	35	4	4	58
866	35	5	4	59
872	35	1	5	65
871	35	2	5	68
873	35	3	5	70
874	35	4	5	72
875	35	5	5	75
878	36	1	1	1
879	36	2	1	7
877	36	3	1	8
876	36	4	1	10
880	36	5	1	15
883	36	1	2	17
881	36	2	2	19
884	36	3	2	20
882	36	4	2	25
885	36	5	2	29
894	36	1	4	50
891	36	2	4	52
895	36	3	4	57
892	36	4	4	58
893	36	5	4	60
896	36	1	5	61
898	36	2	5	62
897	36	3	5	67
899	36	4	5	68
900	36	5	5	75
904	37	1	1	3
905	37	2	1	4
903	37	3	1	5
901	37	4	1	8
902	37	5	1	14
907	37	1	2	17
906	37	2	2	21
910	37	3	2	22
909	37	4	2	28
908	37	5	2	29
920	37	1	4	46
918	37	2	4	50
919	37	3	4	51
916	37	4	4	52
917	37	5	4	57
921	37	1	5	66
923	37	2	5	67
925	37	3	5	69
922	37	4	5	72
924	37	5	5	75
928	38	1	1	2
930	38	2	1	6
927	38	3	1	7
929	38	4	1	10
926	38	5	1	12
934	38	1	2	17
935	38	2	2	18
932	38	3	2	19
933	38	4	2	20
931	38	5	2	26
941	38	1	4	46
944	38	2	4	51
943	38	3	4	53
945	38	4	4	57
942	38	5	4	59
950	38	1	5	63
946	38	2	5	64
947	38	3	5	67
948	38	4	5	72
949	38	5	5	73
953	39	1	1	4
952	39	2	1	5
954	39	3	1	9
951	39	4	1	12
955	39	5	1	13
960	39	1	2	16
956	39	2	2	17
958	39	3	2	25
957	39	4	2	28
959	39	5	2	30
968	39	1	4	46
970	39	2	4	48
969	39	3	4	56
967	39	4	4	58
966	39	5	4	60
975	39	1	5	62
973	39	2	5	64
974	39	3	5	67
972	39	4	5	72
971	39	5	5	74
980	40	1	1	2
978	40	2	1	7
979	40	3	1	10
976	40	4	1	12
977	40	5	1	13
983	40	1	2	16
985	40	2	2	17
981	40	3	2	22
984	40	4	2	26
982	40	5	2	29
992	40	1	4	47
993	40	2	4	49
991	40	3	4	53
994	40	4	4	54
995	40	5	4	57
1000	40	1	5	63
998	40	2	5	66
999	40	3	5	70
996	40	4	5	72
997	40	5	5	73
1004	41	1	1	1
1001	41	2	1	3
1002	41	3	1	8
1005	41	4	1	9
1003	41	5	1	11
1007	41	1	2	17
1010	41	2	2	20
1006	41	3	2	21
1008	41	4	2	25
1009	41	5	2	30
1018	41	1	4	48
1016	41	2	4	49
1017	41	3	4	50
1019	41	4	4	55
1020	41	5	4	57
1024	41	1	5	61
1023	41	2	5	62
1022	41	3	5	63
1021	41	4	5	69
1025	41	5	5	75
1026	42	1	1	5
1029	42	2	1	6
1027	42	3	1	8
1028	42	4	1	9
1030	42	5	1	10
1034	42	1	2	17
1032	42	2	2	21
1031	42	3	2	24
1033	42	4	2	26
1035	42	5	2	28
1043	42	1	4	48
1041	42	2	4	50
1044	42	3	4	52
1045	42	4	4	53
1042	42	5	4	55
1050	42	1	5	63
1046	42	2	5	65
1047	42	3	5	66
1048	42	4	5	70
1049	42	5	5	74
1052	43	1	1	2
1053	43	2	1	7
1051	43	3	1	8
1055	43	4	1	12
1054	43	5	1	15
1058	43	1	2	17
1056	43	2	2	20
1057	43	3	2	21
1059	43	4	2	23
1060	43	5	2	28
1068	43	1	4	46
1070	43	2	4	53
1066	43	3	4	56
1067	43	4	4	57
1069	43	5	4	59
1071	43	1	5	61
1074	43	2	5	65
1073	43	3	5	71
1072	43	4	5	72
1075	43	5	5	73
1077	44	1	1	4
1078	44	2	1	6
1080	44	3	1	8
1079	44	4	1	11
1076	44	5	1	14
1084	44	1	2	16
1082	44	2	2	18
1081	44	3	2	24
1083	44	4	2	27
1085	44	5	2	30
1092	44	1	4	46
1095	44	2	4	50
1093	44	3	4	55
1091	44	4	4	57
1094	44	5	4	60
1099	44	1	5	61
1096	44	2	5	63
1100	44	3	5	64
1098	44	4	5	67
1097	44	5	5	69
1102	45	1	1	3
1103	45	2	1	6
1104	45	4	1	9
1105	45	5	1	15
1110	45	1	2	17
1107	45	2	2	22
1109	45	3	2	23
1106	45	4	2	26
1108	45	5	2	27
1120	45	1	4	47
1118	45	2	4	51
1119	45	3	4	53
1116	45	4	4	55
826	34	2	1	6
1117	45	5	4	60
1124	45	1	5	61
1125	45	2	5	62
1122	45	3	5	68
1123	45	4	5	74
1121	45	5	5	75
1126	46	1	1	3
1127	46	2	1	10
1128	46	3	1	12
1129	46	4	1	13
1130	46	5	1	15
1133	46	1	2	16
1135	46	2	2	18
1132	46	3	2	19
1134	46	4	2	20
1131	46	5	2	24
1145	46	1	4	48
1143	46	2	4	54
1142	46	3	4	55
1144	46	4	4	57
1141	46	5	4	59
1147	46	1	5	62
1150	46	2	5	66
1149	46	3	5	67
1146	46	4	5	71
1148	46	5	5	72
1155	47	1	1	7
1151	47	2	1	9
1153	47	3	1	11
1152	47	4	1	12
1154	47	5	1	15
1158	47	1	2	19
1160	47	2	2	20
1157	47	3	2	24
1156	47	4	2	29
1159	47	5	2	30
1170	47	1	4	53
1166	47	2	4	56
1168	47	3	4	57
1169	47	4	4	58
1167	47	5	4	60
1172	47	1	5	61
1174	47	2	5	65
1171	47	3	5	68
1175	47	4	5	69
1173	47	5	5	71
1178	48	1	1	7
1180	48	2	1	10
1176	48	3	1	12
1177	48	4	1	13
1179	48	5	1	15
1182	48	1	2	17
1184	48	2	2	18
1181	48	3	2	23
1183	48	4	2	24
1185	48	5	2	27
1195	48	1	4	46
1194	48	2	4	48
1192	48	3	4	49
1191	48	4	4	54
1193	48	5	4	60
1197	48	1	5	66
1196	48	2	5	67
1200	48	3	5	73
1199	48	4	5	74
1198	48	5	5	75
1201	49	1	1	1
1205	49	2	1	2
1202	49	3	1	3
1204	49	4	1	8
1203	49	5	1	13
1209	49	1	2	19
1207	49	2	2	20
1210	49	3	2	23
1206	49	4	2	26
1208	49	5	2	29
1217	49	1	4	46
1219	49	2	4	53
1216	49	3	4	57
1220	49	4	4	58
1218	49	5	4	60
1223	49	1	5	63
1224	49	2	5	70
1222	49	3	5	72
1221	49	4	5	73
1225	49	5	5	74
1229	50	1	1	1
1227	50	2	1	2
1228	50	3	1	4
1226	50	4	1	10
1230	50	5	1	14
1233	50	1	2	19
1231	50	2	2	20
1234	50	3	2	25
1232	50	4	2	26
1235	50	5	2	28
1242	50	1	4	49
1243	50	2	4	50
1241	50	3	4	56
1244	50	4	4	57
1245	50	5	4	60
1247	50	1	5	66
1248	50	2	5	70
1246	50	3	5	73
1249	50	4	5	74
1250	50	5	5	75
1255	51	1	1	3
1252	51	2	1	7
1254	51	3	1	8
1251	51	4	1	11
1253	51	5	1	15
1259	51	1	2	16
1260	51	2	2	17
1257	51	3	2	22
1256	51	4	2	25
1258	51	5	2	27
1268	51	1	4	48
1270	51	2	4	51
1267	51	3	4	54
1266	51	4	4	56
1269	51	5	4	57
1274	51	1	5	66
1273	51	2	5	70
1271	51	3	5	71
1272	51	4	5	72
1275	51	5	5	74
1279	52	1	1	2
1278	52	2	1	5
1277	52	3	1	11
1276	52	4	1	13
1280	52	5	1	14
1284	52	1	2	17
1282	52	2	2	19
1285	52	3	2	20
1283	52	4	2	21
1281	52	5	2	30
1293	52	1	4	47
1294	52	2	4	49
1295	52	3	4	51
1292	52	4	4	53
1291	52	5	4	58
1296	52	1	5	62
1297	52	2	5	65
1299	52	3	5	66
1298	52	4	5	70
1300	52	5	5	74
1301	53	1	1	2
1304	53	2	1	3
1305	53	3	1	4
1303	53	4	1	5
1302	53	5	1	14
1306	53	1	2	18
1308	53	2	2	19
1309	53	3	2	21
1307	53	4	2	24
1310	53	5	2	27
1320	53	1	4	47
1318	53	2	4	49
1317	53	3	4	54
1319	53	4	4	55
1316	53	5	4	57
1324	53	1	5	61
1323	53	2	5	64
1325	53	3	5	68
1322	53	4	5	70
1321	53	5	5	74
1330	54	1	1	1
1328	54	2	1	2
1329	54	3	1	5
1327	54	4	1	7
1326	54	5	1	11
1334	54	1	2	16
1332	54	2	2	19
1333	54	3	2	24
1335	54	4	2	25
1331	54	5	2	28
1342	54	1	4	49
1344	54	2	4	50
1341	54	3	4	51
1345	54	4	4	54
1343	54	5	4	55
1347	54	1	5	62
1350	54	2	5	67
1348	54	3	5	72
1349	54	4	5	74
1346	54	5	5	75
1354	55	1	1	2
1351	55	2	1	4
1352	55	3	1	6
1355	55	4	1	9
1353	55	5	1	11
1356	55	1	2	16
1359	55	2	2	17
1357	55	3	2	18
1358	55	4	2	25
1360	55	5	2	26
1367	55	1	4	47
1366	55	2	4	52
1370	55	3	4	55
1369	55	4	4	56
1368	55	5	4	57
1372	55	1	5	63
1373	55	2	5	65
1375	55	3	5	67
1371	55	4	5	69
1374	55	5	5	74
1378	56	1	1	2
1377	56	2	1	3
1379	56	3	1	5
1376	56	4	1	7
1380	56	5	1	14
1384	56	1	2	17
1382	56	2	2	20
1381	56	3	2	24
1383	56	4	2	26
1385	56	5	2	29
1393	56	1	4	47
1394	56	2	4	51
1392	56	3	4	56
1391	56	4	4	57
1395	56	5	4	60
1400	56	1	5	62
1398	56	2	5	65
1397	56	3	5	67
1396	56	4	5	69
1399	56	5	5	74
1401	57	1	1	2
1404	57	2	1	5
1403	57	3	1	10
1405	57	4	1	11
1402	57	5	1	14
1410	57	1	2	19
1409	57	2	2	20
1408	57	3	2	23
1406	57	4	2	25
1407	57	5	2	28
1417	57	1	4	47
1416	57	2	4	51
1419	57	3	4	54
1418	57	4	4	56
1420	57	5	4	57
1423	57	1	5	61
1424	57	2	5	62
1422	57	3	5	66
1425	57	4	5	70
1421	57	5	5	73
1426	58	1	1	3
1429	58	2	1	5
1430	58	3	1	6
1428	58	4	1	8
1427	58	5	1	14
1434	58	1	2	17
1435	58	2	2	22
1432	58	3	2	24
1431	58	4	2	28
1433	58	5	2	30
1441	58	1	4	50
1445	58	2	4	52
1443	58	3	4	54
1444	58	4	4	57
1442	58	5	4	60
1449	58	1	5	63
1446	58	2	5	64
1450	58	3	5	65
1447	58	4	5	67
1448	58	5	5	69
1451	59	1	1	4
1455	59	2	1	6
1453	59	3	1	9
1452	59	4	1	10
1101	45	3	1	8
1454	59	5	1	11
1460	59	1	2	17
1459	59	2	2	19
1456	59	3	2	22
1458	59	4	2	26
1457	59	5	2	28
1467	59	1	4	49
1468	59	2	4	52
1469	59	3	4	54
1466	59	4	4	56
1470	59	5	4	58
1471	59	1	5	67
1472	59	2	5	69
1475	59	3	5	71
1473	59	4	5	72
1474	59	5	5	74
1480	60	1	1	2
1477	60	2	1	8
1478	60	3	1	9
1476	60	4	1	13
1479	60	5	1	14
1482	60	1	2	18
1485	60	2	2	21
1484	60	3	2	22
1481	60	4	2	26
1483	60	5	2	27
1492	60	1	4	51
1491	60	2	4	52
1495	60	3	4	53
1494	60	4	4	54
1493	60	5	4	60
1497	60	1	5	62
1498	60	2	5	66
1500	60	3	5	67
1496	60	4	5	71
1499	60	5	5	73
1504	61	1	1	4
1505	61	2	1	10
1503	61	3	1	12
1502	61	4	1	13
1507	61	1	2	19
1508	61	2	2	23
1506	61	3	2	24
1509	61	4	2	26
1510	61	5	2	27
1516	61	1	4	46
1519	61	2	4	47
1518	61	3	4	48
1520	61	4	4	49
1517	61	5	4	59
1524	61	1	5	62
1523	61	2	5	67
1521	61	3	5	69
1525	61	4	5	70
1522	61	5	5	74
1529	62	1	1	3
1528	62	2	1	4
1527	62	3	1	5
1530	62	4	1	12
1526	62	5	1	14
1532	62	1	2	17
1531	62	2	2	22
1535	62	3	2	25
1533	62	4	2	27
1534	62	5	2	30
1542	62	1	4	48
1544	62	2	4	51
1541	62	3	4	52
1543	62	4	4	55
1545	62	5	4	59
1546	62	1	5	64
1549	62	2	5	65
1550	62	3	5	67
1548	62	4	5	69
1547	62	5	5	72
1552	63	1	1	2
1551	63	2	1	6
1553	63	3	1	7
1555	63	4	1	9
1554	63	5	1	13
1556	63	1	2	16
1557	63	2	2	18
1560	63	3	2	24
1558	63	4	2	26
1559	63	5	2	28
1569	63	1	4	47
1568	63	2	4	49
1567	63	3	4	53
1570	63	4	4	58
1566	63	5	4	60
1572	63	1	5	61
1575	63	2	5	69
1574	63	3	5	71
1573	63	4	5	72
1571	63	5	5	75
1577	64	1	1	1
1576	64	2	1	3
1579	64	3	1	6
1578	64	4	1	7
1580	64	5	1	10
1582	64	1	2	19
1583	64	2	2	25
1585	64	3	2	26
1584	64	4	2	28
1581	64	5	2	29
1594	64	1	4	51
1595	64	2	4	55
1591	64	3	4	56
1592	64	4	4	57
1593	64	5	4	60
1598	64	1	5	63
1597	64	2	5	66
1596	64	3	5	72
1600	64	4	5	73
1599	64	5	5	74
1603	65	1	1	1
1605	65	2	1	2
1601	65	3	1	5
1602	65	4	1	11
1604	65	5	1	14
1607	65	1	2	17
1610	65	2	2	22
1609	65	3	2	25
1608	65	4	2	27
1606	65	5	2	30
1619	65	1	4	48
1616	65	2	4	50
1617	65	3	4	52
1620	65	4	4	57
1618	65	5	4	60
1624	65	1	5	62
1621	65	2	5	63
1622	65	3	5	64
1625	65	4	5	72
1623	65	5	5	73
1629	66	1	1	1
1630	66	2	1	5
1626	66	3	1	7
1628	66	4	1	9
1627	66	5	1	13
1632	66	1	2	19
1633	66	2	2	24
1635	66	3	2	25
1634	66	4	2	26
1631	66	5	2	27
1645	66	1	4	51
1641	66	2	4	53
1643	66	3	4	55
1642	66	4	4	59
1644	66	5	4	60
1647	66	1	5	61
1646	66	2	5	64
1650	66	3	5	70
1648	66	4	5	72
1649	66	5	5	73
1653	67	1	1	2
1651	67	2	1	5
1652	67	3	1	6
1654	67	4	1	11
1655	67	5	1	14
1657	67	1	2	17
1659	67	2	2	18
1660	67	3	2	25
1656	67	4	2	29
1658	67	5	2	30
1669	67	1	4	47
1666	67	2	4	49
1667	67	3	4	52
1668	67	4	4	53
1670	67	5	4	57
1672	67	1	5	61
1673	67	2	5	63
1674	67	3	5	65
1671	67	4	5	66
1675	67	5	5	75
1678	68	1	1	8
1680	68	2	1	10
1676	68	3	1	12
1677	68	4	1	14
1679	68	5	1	15
1683	68	1	2	17
1685	68	2	2	18
1681	68	3	2	21
1684	68	4	2	22
1682	68	5	2	24
1692	68	1	4	47
1695	68	2	4	50
1694	68	3	4	54
1691	68	4	4	55
1693	68	5	4	59
1699	68	1	5	69
1697	68	2	5	70
1698	68	3	5	72
1700	68	4	5	73
1696	68	5	5	75
1705	69	1	1	2
1701	69	2	1	3
1702	69	3	1	9
1704	69	4	1	13
1703	69	5	1	14
1707	69	1	2	16
1706	69	2	2	18
1710	69	3	2	21
1708	69	4	2	22
1709	69	5	2	29
1718	69	1	4	46
1717	69	2	4	50
1716	69	3	4	55
1720	69	4	4	56
1719	69	5	4	60
1723	69	1	5	63
1725	69	2	5	64
1724	69	3	5	68
1722	69	4	5	69
1721	69	5	5	75
1729	70	1	1	3
1727	70	2	1	10
1728	70	3	1	11
1730	70	4	1	12
1726	70	5	1	13
1732	70	1	2	17
1734	70	2	2	18
1731	70	3	2	21
1735	70	4	2	25
1733	70	5	2	30
1743	70	1	4	50
1742	70	2	4	51
1741	70	3	4	52
1745	70	4	4	53
1744	70	5	4	56
1750	70	1	5	61
1748	70	2	5	62
1747	70	3	5	66
1746	70	4	5	72
1749	70	5	5	74
1751	71	1	1	2
1753	71	2	1	3
1754	71	3	1	6
1752	71	4	1	12
1755	71	5	1	14
1760	71	1	2	19
1757	71	2	2	20
1759	71	3	2	21
1756	71	4	2	22
1758	71	5	2	25
1768	71	1	4	48
1770	71	2	4	50
1769	71	3	4	55
1767	71	4	4	57
1766	71	5	4	59
1775	71	1	5	63
1772	71	2	5	67
1774	71	3	5	68
1773	71	4	5	69
1771	71	5	5	71
1779	72	2	1	6
1778	72	3	1	9
1777	72	4	1	13
1780	72	5	1	14
1785	72	1	2	17
1782	72	2	2	19
1784	72	3	2	22
1781	72	4	2	24
1783	72	5	2	29
1795	72	1	4	46
1793	72	2	4	47
1792	72	3	4	49
1791	72	4	4	50
1794	72	5	4	59
1797	72	1	5	66
1796	72	2	5	68
1799	72	3	5	69
1800	72	4	5	74
1798	72	5	5	75
1803	73	1	1	2
1801	73	2	1	5
1804	73	3	1	6
1805	73	4	1	11
1802	73	5	1	15
1810	73	1	2	16
1806	73	2	2	17
1809	73	3	2	19
1807	73	4	2	22
1808	73	5	2	29
1818	73	1	4	47
1820	73	2	4	49
1816	73	3	4	54
1817	73	4	4	55
1819	73	5	4	60
1823	73	1	5	65
1825	73	2	5	66
1822	73	3	5	68
1821	73	4	5	70
1824	73	5	5	72
1827	74	1	1	2
1829	74	2	1	3
1830	74	3	1	6
1828	74	4	1	12
1826	74	5	1	14
1835	74	1	2	18
1832	74	2	2	23
1833	74	3	2	26
1831	74	4	2	27
1834	74	5	2	30
1845	74	1	4	47
1841	74	2	4	50
1843	74	3	4	51
1844	74	4	4	57
1842	74	5	4	59
1846	74	1	5	62
1848	74	2	5	64
1849	74	3	5	71
1847	74	4	5	74
1850	74	5	5	75
1854	75	1	1	2
1851	75	2	1	3
1855	75	3	1	7
1852	75	4	1	12
1853	75	5	1	15
1858	75	1	2	16
1859	75	2	2	20
1857	75	3	2	22
1856	75	4	2	23
1860	75	5	2	25
1866	75	1	4	48
1867	75	2	4	51
1870	75	3	4	53
1869	75	4	4	55
1868	75	5	4	58
1871	75	1	5	63
1875	75	2	5	64
1874	75	3	5	69
1873	75	4	5	72
1872	75	5	5	75
1880	76	1	1	8
1877	76	2	1	10
1879	76	3	1	12
1876	76	4	1	14
1878	76	5	1	15
1884	76	1	2	17
1881	76	2	2	18
1883	76	3	2	21
1882	76	4	2	22
1885	76	5	2	30
1894	76	1	4	48
1893	76	2	4	50
1891	76	3	4	51
1892	76	4	4	52
1895	76	5	4	58
1896	76	1	5	61
1897	76	2	5	63
1900	76	3	5	65
1898	76	4	5	66
1899	76	5	5	68
1903	77	1	1	4
1901	77	2	1	7
1905	77	3	1	8
1904	77	4	1	9
1902	77	5	1	13
1907	77	1	2	17
1909	77	2	2	21
1906	77	3	2	26
1910	77	4	2	29
1908	77	5	2	30
1918	77	1	4	48
1917	77	2	4	50
1916	77	3	4	57
1919	77	4	4	59
1920	77	5	4	60
1922	77	1	5	61
1923	77	2	5	63
1924	77	3	5	67
1921	77	4	5	69
1925	77	5	5	73
1930	78	1	1	3
1929	78	2	1	4
1926	78	3	1	6
1928	78	4	1	8
1927	78	5	1	11
1932	78	1	2	17
1934	78	2	2	21
1935	78	3	2	26
1933	78	4	2	28
1931	78	5	2	29
1941	78	1	4	46
1943	78	2	4	50
1942	78	3	4	51
1944	78	4	4	58
1945	78	5	4	59
1947	78	1	5	63
1946	78	2	5	64
1948	78	3	5	67
1949	78	4	5	70
1950	78	5	5	71
1954	79	1	1	1
1952	79	2	1	5
1955	79	3	1	7
1951	79	4	1	14
1953	79	5	1	15
1958	79	1	2	17
1957	79	2	2	19
1956	79	3	2	20
1959	79	4	2	22
1960	79	5	2	29
1970	79	1	4	46
1969	79	2	4	54
1501	61	5	1	14
1967	79	3	4	56
1968	79	4	4	57
1966	79	5	4	58
1975	79	1	5	63
1973	79	2	5	65
1972	79	3	5	67
1974	79	4	5	69
1971	79	5	5	71
1980	80	1	1	3
1979	80	2	1	5
1978	80	3	1	6
1977	80	4	1	11
1976	80	5	1	12
1982	80	1	2	17
1981	80	2	2	19
1983	80	3	2	21
1985	80	4	2	22
1984	80	5	2	29
1994	80	1	4	48
1991	80	2	4	49
1992	80	3	4	55
1995	80	4	4	58
1993	80	5	4	59
1996	80	1	5	64
1999	80	2	5	67
2000	80	3	5	68
1997	80	4	5	69
1998	80	5	5	71
2001	81	1	1	3
2002	81	2	1	6
2005	81	3	1	9
2003	81	4	1	12
2004	81	5	1	15
2006	81	1	2	17
2008	81	2	2	18
2010	81	3	2	21
2009	81	4	2	25
2007	81	5	2	28
2019	81	1	4	49
2020	81	2	4	50
2017	81	3	4	56
2016	81	4	4	59
2018	81	5	4	60
2024	81	1	5	62
2022	81	2	5	63
2021	81	3	5	64
2025	81	4	5	69
2023	81	5	5	75
2028	82	1	1	2
2029	82	2	1	4
2026	82	3	1	5
2027	82	4	1	9
2030	82	5	1	15
2032	82	1	2	21
2031	82	2	2	24
2033	82	3	2	25
2034	82	4	2	28
2035	82	5	2	30
2044	82	1	4	49
2042	82	2	4	51
2043	82	3	4	53
2045	82	4	4	55
2041	82	5	4	60
2046	82	1	5	64
2047	82	2	5	66
2049	82	3	5	70
2048	82	4	5	71
2050	82	5	5	73
2052	83	2	1	2
2054	83	3	1	10
2055	83	4	1	13
2053	83	5	1	14
2056	83	1	2	19
2060	83	2	2	20
2058	83	3	2	22
2059	83	4	2	26
2057	83	5	2	28
2070	83	1	4	46
2069	83	2	4	50
2068	83	3	4	51
2067	83	4	4	56
2066	83	5	4	60
2073	83	1	5	67
2074	83	2	5	68
2071	83	3	5	69
2072	83	4	5	72
2075	83	5	5	73
2080	84	1	1	1
2077	84	2	1	3
2079	84	3	1	9
2078	84	4	1	12
2076	84	5	1	13
2085	84	1	2	17
2082	84	2	2	21
2081	84	3	2	23
2083	84	4	2	29
2084	84	5	2	30
2093	84	1	4	49
2091	84	2	4	50
2095	84	3	4	54
2092	84	4	4	56
2094	84	5	4	59
2097	84	1	5	64
2096	84	2	5	67
2100	84	3	5	71
2099	84	4	5	73
2098	84	5	5	74
2102	85	1	1	1
2101	85	2	1	2
2105	85	3	1	3
2104	85	4	1	9
2103	85	5	1	15
2106	85	1	2	16
2107	85	2	2	22
2108	85	3	2	23
2110	85	4	2	27
2109	85	5	2	30
2119	85	1	4	46
2117	85	2	4	50
2116	85	3	4	53
2118	85	4	4	54
2120	85	5	4	59
2121	85	1	5	64
2122	85	2	5	65
2124	85	3	5	69
2123	85	4	5	73
2125	85	5	5	75
2130	86	1	1	1
2127	86	2	1	5
2126	86	3	1	7
2129	86	4	1	9
2128	86	5	1	14
2135	86	1	2	16
2131	86	2	2	19
2132	86	3	2	22
2133	86	4	2	25
2134	86	5	2	29
2142	86	1	4	50
2143	86	2	4	51
2141	86	3	4	54
2144	86	4	4	56
2145	86	5	4	57
2149	86	1	5	63
2148	86	2	5	64
2146	86	3	5	66
2150	86	4	5	70
2147	86	5	5	74
2154	87	1	1	5
2155	87	2	1	8
2151	87	3	1	9
2152	87	4	1	10
2153	87	5	1	11
2159	87	1	2	17
2158	87	2	2	19
2156	87	3	2	22
2160	87	4	2	26
2157	87	5	2	27
2168	87	1	4	46
2166	87	2	4	53
2167	87	3	4	55
2169	87	4	4	56
2170	87	5	4	59
2173	87	1	5	62
2174	87	2	5	68
2171	87	3	5	72
2175	87	4	5	74
2172	87	5	5	75
2179	88	1	1	2
2177	88	2	1	6
2178	88	3	1	11
2180	88	4	1	14
2176	88	5	1	15
2182	88	1	2	17
2183	88	2	2	18
2185	88	3	2	23
2184	88	4	2	24
2181	88	5	2	27
2194	88	1	4	48
2193	88	2	4	49
2195	88	3	4	58
2192	88	4	4	59
2191	88	5	4	60
2197	88	1	5	61
2199	88	2	5	63
2200	88	3	5	68
2196	88	4	5	69
2198	88	5	5	74
2202	89	1	1	2
2203	89	2	1	9
2204	89	3	1	10
2201	89	4	1	12
2205	89	5	1	14
2208	89	1	2	16
2206	89	2	2	17
2207	89	3	2	19
2210	89	4	2	20
2209	89	5	2	28
2217	89	1	4	46
2216	89	2	4	50
2218	89	3	4	52
2219	89	4	4	54
2220	89	5	4	56
2224	89	1	5	63
2225	89	2	5	67
2223	89	3	5	70
2222	89	4	5	71
2221	89	5	5	75
2228	90	1	1	2
2229	90	2	1	7
2227	90	3	1	8
2226	90	4	1	10
2230	90	5	1	11
2231	90	1	2	16
2235	90	2	2	25
2234	90	3	2	26
2232	90	4	2	29
2233	90	5	2	30
2245	90	1	4	47
2241	90	2	4	54
2243	90	3	4	56
2242	90	4	4	57
2244	90	5	4	58
2246	90	1	5	64
2248	90	2	5	65
2247	90	3	5	68
2250	90	4	5	70
2249	90	5	5	71
2254	91	1	1	2
2255	91	2	1	3
2253	91	3	1	9
2251	91	4	1	14
2252	91	5	1	15
2257	91	1	2	17
2256	91	2	2	18
2258	91	3	2	22
2259	91	4	2	24
2260	91	5	2	25
2269	91	1	4	47
2267	91	2	4	48
2270	91	3	4	54
2268	91	4	4	56
2266	91	5	4	58
2273	91	1	5	62
2274	91	2	5	63
2271	91	3	5	70
2275	91	4	5	72
2272	91	5	5	75
2276	92	1	1	3
2278	92	2	1	4
2279	92	3	1	10
2277	92	4	1	11
2280	92	5	1	15
2283	92	1	2	18
2285	92	2	2	21
2281	92	3	2	24
2282	92	4	2	25
2284	92	5	2	27
2294	92	1	4	46
2295	92	2	4	48
2293	92	3	4	49
2292	92	4	4	55
2291	92	5	4	58
2300	92	1	5	61
2299	92	2	5	69
2296	92	3	5	70
2298	92	4	5	72
2297	92	5	5	74
2304	93	1	1	1
2303	93	2	1	2
2301	93	3	1	6
1776	72	1	1	4
2305	93	4	1	14
2302	93	5	1	15
2306	93	1	2	16
2310	93	2	2	17
2308	93	3	2	19
2307	93	4	2	21
2309	93	5	2	22
2318	93	1	4	48
2319	93	2	4	49
2320	93	3	4	50
2317	93	4	4	52
2316	93	5	4	55
2322	93	1	5	62
2324	93	2	5	70
2325	93	3	5	71
2323	93	4	5	73
2321	93	5	5	75
2330	94	1	1	2
2327	94	2	1	3
2329	94	3	1	6
2328	94	4	1	8
2326	94	5	1	15
2334	94	1	2	16
2332	94	2	2	19
2335	94	3	2	23
2331	94	4	2	24
2333	94	5	2	26
2342	94	1	4	46
2344	94	2	4	53
2341	94	3	4	56
2343	94	4	4	57
2345	94	5	4	58
2348	94	1	5	62
2347	94	2	5	67
2350	94	3	5	70
2346	94	4	5	71
2349	94	5	5	75
2353	95	1	1	9
2354	95	2	1	10
2355	95	3	1	11
2351	95	4	1	12
2352	95	5	1	15
2358	95	1	2	16
2356	95	2	2	18
2359	95	3	2	20
2360	95	4	2	23
2357	95	5	2	29
2369	95	1	4	47
2368	95	2	4	48
2370	95	3	4	50
2366	95	4	4	51
2367	95	5	4	57
2374	95	1	5	61
2371	95	2	5	64
2372	95	3	5	69
2373	95	4	5	73
2375	95	5	5	74
2376	96	1	1	3
2378	96	2	1	4
2379	96	3	1	5
2377	96	4	1	8
2380	96	5	1	14
2381	96	1	2	17
2385	96	2	2	18
2384	96	3	2	19
2383	96	4	2	24
2382	96	5	2	25
2394	96	1	4	48
2392	96	2	4	52
2393	96	3	4	53
2395	96	4	4	55
2391	96	5	4	59
2396	96	1	5	63
2398	96	2	5	64
2397	96	3	5	65
2400	96	4	5	68
2399	96	5	5	69
2402	97	1	1	5
2404	97	2	1	10
2403	97	3	1	12
2401	97	4	1	14
2405	97	5	1	15
2410	97	1	2	17
2407	97	2	2	20
2408	97	3	2	25
2409	97	4	2	27
2406	97	5	2	28
2418	97	1	4	46
2417	97	2	4	51
2420	97	3	4	52
2416	97	4	4	56
2419	97	5	4	59
2425	97	1	5	61
2424	97	2	5	62
2423	97	3	5	65
2422	97	4	5	66
2421	97	5	5	74
2426	98	1	1	1
138	6	3	3	\N
136	6	1	3	31
140	6	2	3	37
139	6	4	3	40
137	6	5	3	42
163	7	3	3	\N
165	7	1	3	31
164	7	2	3	32
162	7	4	3	37
161	7	5	3	39
188	8	3	3	\N
189	8	1	3	33
186	8	2	3	38
190	8	4	3	39
187	8	5	3	42
213	9	3	3	\N
212	9	1	3	35
215	9	2	3	37
211	9	4	3	38
214	9	5	3	42
238	10	3	3	\N
236	10	1	3	37
237	10	2	3	38
239	10	4	3	43
240	10	5	3	45
263	11	3	3	\N
262	11	1	3	31
264	11	2	3	33
261	11	4	3	34
265	11	5	3	45
288	12	3	3	\N
286	12	1	3	35
290	12	2	3	37
287	12	4	3	42
289	12	5	3	44
313	13	3	3	\N
314	13	1	3	31
311	13	2	3	33
315	13	4	3	38
312	13	5	3	39
338	14	3	3	\N
339	14	1	3	35
336	14	2	3	38
340	14	4	3	40
337	14	5	3	44
363	15	3	3	\N
364	15	1	3	31
362	15	2	3	32
365	15	4	3	37
361	15	5	3	42
388	16	3	3	\N
389	16	1	3	31
386	16	2	3	33
387	16	4	3	34
390	16	5	3	43
413	17	3	3	\N
415	17	1	3	36
411	17	2	3	40
414	17	4	3	44
412	17	5	3	45
438	18	3	3	\N
440	18	1	3	31
439	18	2	3	33
436	18	4	3	35
437	18	5	3	36
463	19	3	3	\N
465	19	1	3	32
462	19	2	3	33
461	19	4	3	34
464	19	5	3	39
488	20	3	3	\N
490	20	1	3	32
486	20	2	3	33
487	20	4	3	40
489	20	5	3	43
513	21	3	3	\N
511	21	1	3	32
514	21	2	3	35
515	21	4	3	40
512	21	5	3	42
538	22	3	3	\N
539	22	1	3	33
537	22	2	3	37
536	22	4	3	40
540	22	5	3	41
563	23	3	3	\N
561	23	1	3	31
565	23	2	3	32
562	23	4	3	37
564	23	5	3	42
588	24	3	3	\N
587	24	1	3	34
590	24	2	3	41
586	24	4	3	42
589	24	5	3	44
613	25	3	3	\N
611	25	1	3	32
612	25	2	3	34
614	25	4	3	37
615	25	5	3	39
638	26	3	3	\N
637	26	1	3	33
636	26	2	3	37
640	26	4	3	39
639	26	5	3	41
663	27	3	3	\N
665	27	1	3	31
661	27	2	3	32
664	27	4	3	34
662	27	5	3	39
686	28	1	3	36
687	28	2	3	38
690	28	4	3	39
689	28	5	3	43
713	29	3	3	\N
714	29	1	3	32
715	29	2	3	35
711	29	4	3	37
712	29	5	3	41
738	30	3	3	\N
737	30	1	3	31
740	30	2	3	33
736	30	4	3	39
739	30	5	3	41
763	31	3	3	\N
761	31	1	3	32
765	31	2	3	37
764	31	4	3	39
762	31	5	3	44
788	32	3	3	\N
786	32	1	3	32
789	32	2	3	34
787	32	4	3	36
790	32	5	3	42
813	33	3	3	\N
812	33	1	3	32
811	33	2	3	38
814	33	4	3	41
815	33	5	3	42
838	34	3	3	\N
840	34	1	3	32
837	34	2	3	33
836	34	4	3	36
839	34	5	3	44
863	35	3	3	\N
862	35	1	3	35
861	35	2	3	37
865	35	4	3	38
864	35	5	3	41
888	36	3	3	\N
889	36	1	3	31
886	36	2	3	38
890	36	4	3	40
887	36	5	3	41
913	37	3	3	\N
912	37	1	3	34
914	37	2	3	35
911	37	4	3	36
915	37	5	3	40
939	38	1	3	32
940	38	2	3	33
936	38	4	3	37
937	38	5	3	43
963	39	3	3	\N
962	39	1	3	31
964	39	2	3	35
961	39	4	3	36
965	39	5	3	42
988	40	3	3	\N
987	40	1	3	34
986	40	2	3	36
989	40	4	3	40
990	40	5	3	43
1013	41	3	3	\N
1011	41	1	3	33
1012	41	2	3	34
2051	83	1	1	1
1014	41	4	3	37
1015	41	5	3	45
1038	42	3	3	\N
1039	42	1	3	31
1037	42	2	3	33
1036	42	4	3	35
1040	42	5	3	38
1063	43	3	3	\N
1065	43	1	3	31
1061	43	2	3	32
1064	43	4	3	38
1062	43	5	3	40
1088	44	3	3	\N
1090	44	1	3	32
1087	44	2	3	34
1089	44	4	3	35
1086	44	5	3	39
1113	45	3	3	\N
1114	45	1	3	31
1112	45	2	3	36
1111	45	4	3	42
1115	45	5	3	44
1138	46	3	3	\N
1137	46	1	3	38
1136	46	2	3	41
1139	46	4	3	42
1140	46	5	3	43
1163	47	3	3	\N
1165	47	1	3	33
1162	47	2	3	34
1164	47	4	3	41
1161	47	5	3	42
1188	48	3	3	\N
1190	48	1	3	37
1186	48	2	3	41
1187	48	4	3	42
1189	48	5	3	44
1213	49	3	3	\N
1211	49	1	3	32
1214	49	2	3	41
1215	49	4	3	42
1212	49	5	3	45
1238	50	3	3	\N
1240	50	1	3	37
1239	50	2	3	42
1236	50	4	3	44
1237	50	5	3	45
1263	51	3	3	\N
1261	51	1	3	40
1265	51	2	3	41
1262	51	4	3	43
1264	51	5	3	44
1288	52	3	3	\N
1290	52	1	3	37
1287	52	2	3	38
1289	52	4	3	39
1286	52	5	3	42
1313	53	3	3	\N
1315	53	1	3	33
1311	53	2	3	36
1314	53	4	3	37
1312	53	5	3	44
1340	54	1	3	39
1336	54	2	3	40
1337	54	4	3	42
1339	54	5	3	45
1363	55	3	3	\N
1362	55	1	3	32
1365	55	2	3	37
1364	55	4	3	41
1361	55	5	3	42
1388	56	3	3	\N
1386	56	1	3	34
1387	56	2	3	37
1390	56	4	3	40
1389	56	5	3	45
1413	57	3	3	\N
1412	57	1	3	31
1414	57	2	3	33
1411	57	4	3	37
1415	57	5	3	38
1438	58	3	3	\N
1436	58	1	3	31
1437	58	2	3	33
1440	58	4	3	41
1439	58	5	3	45
1463	59	3	3	\N
1462	59	1	3	32
1461	59	2	3	40
1465	59	4	3	44
1464	59	5	3	45
1488	60	3	3	\N
1487	60	1	3	35
1490	60	2	3	37
1489	60	4	3	41
1486	60	5	3	42
1513	61	3	3	\N
1514	61	1	3	33
1512	61	2	3	34
1515	61	4	3	36
1511	61	5	3	41
1538	62	3	3	\N
1537	62	1	3	33
1540	62	2	3	34
1536	62	4	3	35
1539	62	5	3	39
1563	63	3	3	\N
1562	63	1	3	31
1561	63	2	3	32
1565	63	4	3	35
1564	63	5	3	37
1588	64	3	3	\N
1590	64	1	3	31
1586	64	2	3	32
1589	64	4	3	35
1587	64	5	3	45
1611	65	1	3	33
1612	65	2	3	35
1615	65	4	3	37
1614	65	5	3	42
1638	66	3	3	\N
1640	66	1	3	33
1637	66	2	3	39
1639	66	4	3	40
1636	66	5	3	43
1663	67	3	3	\N
1661	67	1	3	31
1662	67	2	3	34
1665	67	4	3	35
1664	67	5	3	36
1688	68	3	3	\N
1690	68	1	3	34
1686	68	2	3	37
1689	68	4	3	38
1687	68	5	3	43
1713	69	3	3	\N
1712	69	1	3	36
1711	69	2	3	38
1715	69	4	3	42
1714	69	5	3	44
1738	70	3	3	\N
1740	70	1	3	31
1739	70	2	3	34
1737	70	4	3	40
1736	70	5	3	45
1763	71	3	3	\N
1761	71	1	3	35
1765	71	2	3	36
1764	71	4	3	41
1762	71	5	3	43
1788	72	3	3	\N
1787	72	1	3	39
1789	72	2	3	40
1790	72	4	3	42
1786	72	5	3	45
1813	73	3	3	\N
1814	73	1	3	36
1812	73	2	3	38
1815	73	4	3	39
1811	73	5	3	45
1838	74	3	3	\N
1836	74	1	3	37
1840	74	2	3	41
1837	74	4	3	43
1839	74	5	3	45
1863	75	3	3	\N
1861	75	1	3	31
1864	75	2	3	38
1865	75	4	3	39
1862	75	5	3	41
1890	76	1	3	37
1887	76	2	3	41
1889	76	4	3	42
1886	76	5	3	44
1913	77	3	3	\N
1911	77	1	3	32
1914	77	2	3	33
1912	77	4	3	41
1915	77	5	3	44
1938	78	3	3	\N
1939	78	1	3	32
1937	78	2	3	33
1936	78	4	3	38
1940	78	5	3	45
1963	79	3	3	\N
1962	79	1	3	35
1961	79	2	3	37
1965	79	4	3	41
1964	79	5	3	44
1988	80	3	3	\N
1987	80	1	3	35
1986	80	2	3	39
1989	80	4	3	40
1990	80	5	3	43
2013	81	3	3	\N
2015	81	1	3	39
2014	81	2	3	42
2012	81	4	3	43
2011	81	5	3	44
2038	82	3	3	\N
2039	82	1	3	31
2040	82	2	3	36
2037	82	4	3	39
2036	82	5	3	41
2063	83	3	3	\N
2061	83	1	3	31
2065	83	2	3	34
2064	83	4	3	39
2062	83	5	3	40
2088	84	3	3	\N
2086	84	1	3	31
2089	84	2	3	38
2087	84	4	3	42
2090	84	5	3	43
2113	85	3	3	\N
2114	85	1	3	32
2111	85	2	3	34
2115	85	4	3	38
2112	85	5	3	45
2138	86	3	3	\N
2140	86	1	3	32
2136	86	2	3	34
2137	86	4	3	44
2139	86	5	3	45
2165	87	1	3	31
2164	87	2	3	33
2161	87	4	3	36
2162	87	5	3	45
2188	88	3	3	\N
2186	88	1	3	35
2187	88	2	3	41
2189	88	4	3	43
2190	88	5	3	45
2213	89	3	3	\N
2215	89	1	3	31
2211	89	2	3	34
2212	89	4	3	37
2214	89	5	3	44
2238	90	3	3	\N
2236	90	1	3	38
2240	90	2	3	39
2237	90	4	3	41
2239	90	5	3	42
2263	91	3	3	\N
2265	91	1	3	32
2261	91	2	3	38
2264	91	4	3	39
2262	91	5	3	41
2288	92	3	3	\N
2289	92	1	3	31
2286	92	2	3	34
2290	92	4	3	37
2287	92	5	3	38
2313	93	3	3	\N
2315	93	1	3	31
2312	93	2	3	36
2314	93	4	3	42
2311	93	5	3	43
2338	94	3	3	\N
2337	94	1	3	33
2340	94	2	3	38
2339	94	4	3	39
2336	94	5	3	45
2363	95	3	3	\N
2362	95	1	3	37
2361	95	2	3	40
2365	95	4	3	41
2364	95	5	3	42
2388	96	3	3	\N
2386	96	1	3	31
2387	96	2	3	35
2389	96	4	3	42
2390	96	5	3	43
2413	97	3	3	\N
2412	97	1	3	35
2414	97	2	3	36
2411	97	4	3	38
2415	97	5	3	41
2436	98	4	3	38
2440	98	5	3	39
2463	99	3	3	\N
2461	99	1	3	37
2465	99	2	3	38
2462	99	4	3	41
2464	99	5	3	43
2488	100	3	3	\N
2489	100	1	3	32
2486	100	2	3	34
2487	100	4	3	40
2490	100	5	3	43
154	7	1	1	3
152	7	2	1	10
153	7	3	1	11
151	7	4	1	13
155	7	5	1	14
178	8	1	1	3
177	8	2	1	6
179	8	3	1	9
180	8	4	1	13
176	8	5	1	14
205	9	1	1	1
203	9	2	1	2
202	9	3	1	4
204	9	4	1	14
201	9	5	1	15
228	10	1	1	5
227	10	2	1	6
226	10	3	1	8
230	10	4	1	9
229	10	5	1	11
253	11	1	1	1
251	11	2	1	2
255	11	3	1	9
252	11	4	1	12
254	11	5	1	15
279	12	1	1	4
278	12	2	1	11
280	12	3	1	13
277	12	4	1	14
302	13	1	1	4
303	13	2	1	6
305	13	3	1	8
304	13	4	1	14
301	13	5	1	15
329	14	1	1	2
328	14	2	1	5
326	14	3	1	9
330	14	4	1	14
327	14	5	1	15
351	15	1	1	5
355	15	2	1	6
353	15	3	1	7
352	15	4	1	9
354	15	5	1	15
379	16	1	1	1
380	16	2	1	5
376	16	3	1	6
377	16	4	1	11
378	16	5	1	12
402	17	1	1	1
403	17	2	1	3
405	17	3	1	8
401	17	4	1	14
404	17	5	1	15
427	18	1	1	4
426	18	2	1	10
429	18	3	1	12
430	18	4	1	13
428	18	5	1	14
451	19	3	1	9
63	3	3	3	\N
452	19	1	1	1
454	19	2	1	2
455	19	4	1	10
453	19	5	1	13
479	20	1	1	1
480	20	2	1	4
477	20	3	1	5
478	20	4	1	7
476	20	5	1	15
502	21	1	1	4
504	21	2	1	5
501	21	3	1	6
503	21	4	1	8
505	21	5	1	11
530	22	1	1	6
527	22	2	1	8
526	22	3	1	9
528	22	4	1	10
529	22	5	1	14
553	23	1	1	4
554	23	2	1	5
555	23	4	1	11
552	23	5	1	12
577	24	1	1	3
579	24	2	1	6
576	24	3	1	9
578	24	4	1	11
580	24	5	1	13
605	25	1	1	4
602	25	2	1	5
601	25	3	1	6
603	25	4	1	10
604	25	5	1	14
628	26	1	1	2
630	26	2	1	10
627	26	3	1	12
629	26	4	1	14
626	26	5	1	15
652	27	1	1	2
655	27	2	1	5
651	27	3	1	10
654	27	4	1	13
653	27	5	1	14
679	28	1	1	4
677	28	2	1	9
676	28	3	1	11
680	28	4	1	14
678	28	5	1	15
701	29	1	1	3
704	29	2	1	4
705	29	3	1	6
702	29	4	1	10
688	28	3	3	\N
4	1	1	1	1
2	1	2	1	2
1	1	3	1	4
3	1	4	1	9
5	1	5	1	15
8	1	1	2	16
6	1	2	2	19
7	1	3	2	25
10	1	4	2	27
9	1	5	2	29
17	1	1	4	48
19	1	2	4	49
18	1	3	4	52
20	1	4	4	53
16	1	5	4	56
22	1	2	5	66
21	1	4	5	71
55	3	2	1	3
53	3	3	1	12
54	3	5	1	15
56	3	1	2	18
57	3	2	2	19
60	3	3	2	23
59	3	4	2	24
58	3	5	2	30
68	3	1	4	51
66	3	2	4	54
69	3	3	4	56
70	3	4	4	57
67	3	5	4	59
74	3	1	5	63
73	3	2	5	64
75	3	3	5	65
13	1	3	3	\N
12	1	1	3	31
11	1	2	3	34
14	1	4	3	36
15	1	5	3	39
62	3	1	3	40
64	3	2	3	41
65	3	4	3	44
61	3	5	3	45
72	3	4	5	70
71	3	5	5	71
78	4	1	1	4
77	4	2	1	9
76	4	3	1	10
79	4	4	1	11
80	4	5	1	14
81	4	1	2	19
83	4	2	2	21
85	4	3	2	22
82	4	4	2	24
84	4	5	2	25
91	4	1	4	54
94	4	2	4	55
95	4	3	4	56
92	4	4	4	58
93	4	5	4	59
98	4	1	5	67
97	4	2	5	68
99	4	3	5	70
100	4	4	5	71
96	4	5	5	73
104	5	1	1	8
103	5	2	1	9
102	5	3	1	11
105	5	4	1	12
101	5	5	1	15
109	5	1	2	20
106	5	2	2	21
108	5	3	2	22
110	5	4	2	25
107	5	5	2	27
119	5	1	4	48
117	5	2	4	49
116	5	3	4	53
118	5	4	4	57
120	5	5	4	58
124	5	1	5	63
123	5	2	5	64
121	5	3	5	65
122	5	4	5	68
125	5	5	5	73
129	6	1	1	1
130	6	2	1	2
88	4	3	3	\N
86	4	1	3	33
89	4	2	3	37
87	4	4	3	38
90	4	5	3	43
113	5	3	3	\N
114	5	1	3	36
115	5	2	3	38
112	5	4	3	42
111	5	5	3	43
938	38	3	3	\N
1338	54	3	3	\N
1613	65	3	3	\N
1888	76	3	3	\N
2163	87	3	3	\N
2428	98	2	1	3
2429	98	3	1	8
2427	98	4	1	11
2430	98	5	1	13
2434	98	1	2	18
2432	98	2	2	20
2435	98	3	2	21
2433	98	4	2	26
2431	98	5	2	27
2442	98	1	4	50
2444	98	2	4	51
2443	98	3	4	53
2441	98	4	4	55
2445	98	5	4	58
2447	98	1	5	63
2449	98	2	5	66
2446	98	3	5	67
2448	98	4	5	71
2450	98	5	5	73
2454	99	1	1	5
2452	99	2	1	7
2453	99	3	1	8
2455	99	4	1	13
2451	99	5	1	15
2459	99	1	2	19
2460	99	2	2	22
2457	99	3	2	23
2458	99	4	2	26
2456	99	5	2	28
2469	99	1	4	48
2467	99	2	4	49
2468	99	3	4	50
2466	99	4	4	51
2470	99	5	4	60
2471	99	1	5	61
2473	99	2	5	62
2472	99	3	5	63
2475	99	4	5	69
2474	99	5	5	73
2480	100	1	1	7
2479	100	2	1	9
2477	100	3	1	12
2476	100	4	1	14
2478	100	5	1	15
2482	100	1	2	18
2485	100	2	2	19
2483	100	3	2	23
2481	100	4	2	24
2484	100	5	2	27
2495	100	1	4	46
2491	100	2	4	47
2494	100	3	4	49
2492	100	4	4	52
2493	100	5	4	54
2498	100	1	5	62
2499	100	2	5	67
2496	100	3	5	70
2500	100	4	5	71
2497	100	5	5	75
2438	98	3	3	\N
2439	98	1	3	32
2437	98	2	3	37
23	1	1	5	65
24	1	3	5	69
25	1	5	5	72
27	2	1	1	2
29	2	2	1	4
26	2	3	1	6
30	2	4	1	11
28	2	5	1	15
34	2	1	2	17
35	2	2	2	18
31	2	3	2	24
33	2	4	2	25
32	2	5	2	29
41	2	1	4	52
44	2	2	4	56
42	2	3	4	57
45	2	4	4	58
43	2	5	4	60
48	2	1	5	63
50	2	2	5	68
46	2	3	5	71
47	2	4	5	73
49	2	5	5	74
51	3	1	1	2
52	3	4	1	14
38	2	3	3	\N
37	2	1	3	34
36	2	2	3	35
39	2	4	3	36
40	2	5	3	37
\.


--
-- TOC entry 4900 (class 0 OID 30222)
-- Dependencies: 229
-- Data for Name: master_cards; Type: TABLE DATA; Schema: public; Owner: postgres
--

COPY public.master_cards (master_card_id) FROM stdin;
1
2
3
4
5
6
7
8
9
10
11
12
13
14
15
16
17
18
19
20
21
22
23
24
25
26
27
28
29
30
31
32
33
34
35
36
37
38
39
40
41
42
43
44
45
46
47
48
49
50
51
52
53
54
55
56
57
58
59
60
61
62
63
64
65
66
67
68
69
70
71
72
73
74
75
76
77
78
79
80
81
82
83
84
85
86
87
88
89
90
91
92
93
94
95
96
97
98
99
100
\.


--
-- TOC entry 4892 (class 0 OID 24888)
-- Dependencies: 221
-- Data for Name: room_players; Type: TABLE DATA; Schema: public; Owner: postgres
--

COPY public.room_players (room_player_id, room_id, user_id, joined_at, is_ready) FROM stdin;
51	8	123	2026-01-20 21:07:01.315586+03	f
52	8	1641534334	2026-01-20 21:27:04.586929+03	f
53	8	413431984	2026-01-20 21:27:06.658755+03	f
55	8	12345	2026-01-21 08:20:40.579906+03	f
\.


--
-- TOC entry 4890 (class 0 OID 24870)
-- Dependencies: 219
-- Data for Name: rooms; Type: TABLE DATA; Schema: public; Owner: postgres
--

COPY public.rooms (room_id, room_code, name, status, max_players, card_price, pattern, created_at, started_at, ended_at, scheduled_start_time) FROM stdin;
8	8F52A6	Public Bingo Room	0	100	10.00	0	2026-01-20 20:56:10.446523+03	\N	\N	2026-01-20 20:58:10.446611+03
\.


--
-- TOC entry 4888 (class 0 OID 24837)
-- Dependencies: 217
-- Data for Name: users; Type: TABLE DATA; Schema: public; Owner: postgres
--

COPY public.users (user_id, username, phone_number, password_hash, balance, created_at, updated_at) FROM stdin;
12345	Guest	DEV_USER	dev_auth	1000.00	2026-01-17 18:43:37.806261+03	2026-01-17 18:43:37.806261+03
123	test_user	1234567890	dummy_hash	1000.00	2026-01-19 19:32:01.453042+03	2026-01-19 19:32:01.453042+03
432267192	Anobie	+251911114274	telegram_auth_managed	0.00	2026-01-20 17:56:44.437614+03	2026-01-20 17:56:44.221942+03
413431984	Abelhailefen	251936543960	telegram_auth_managed	0.00	2026-01-20 19:15:38.654486+03	2026-01-20 19:15:38.862882+03
298306762	Chucknorris_lol	251911644371	telegram_auth_managed	0.00	2026-01-20 20:31:15.56758+03	2026-01-20 20:31:16.019589+03
1641534334	User_1641534334	251967102101	telegram_auth_managed	0.00	2026-01-20 20:46:57.047506+03	2026-01-20 20:46:57.227423+03
\.


--
-- TOC entry 4898 (class 0 OID 24964)
-- Dependencies: 227
-- Data for Name: wins; Type: TABLE DATA; Schema: public; Owner: postgres
--

COPY public.wins (win_id, room_id, card_id, user_id, claimed_at, verified, verified_at, prize, win_type) FROM stdin;
\.


--
-- TOC entry 4908 (class 0 OID 0)
-- Dependencies: 224
-- Name: called_numbers_called_id_seq; Type: SEQUENCE SET; Schema: public; Owner: postgres
--

SELECT pg_catalog.setval('public.called_numbers_called_id_seq', 4, true);


--
-- TOC entry 4909 (class 0 OID 0)
-- Dependencies: 222
-- Name: cards_card_id_seq; Type: SEQUENCE SET; Schema: public; Owner: postgres
--

SELECT pg_catalog.setval('public.cards_card_id_seq', 59, true);


--
-- TOC entry 4910 (class 0 OID 0)
-- Dependencies: 230
-- Name: master_card_numbers_master_card_number_id_seq; Type: SEQUENCE SET; Schema: public; Owner: postgres
--

SELECT pg_catalog.setval('public.master_card_numbers_master_card_number_id_seq', 2500, true);


--
-- TOC entry 4911 (class 0 OID 0)
-- Dependencies: 220
-- Name: room_players_room_player_id_seq; Type: SEQUENCE SET; Schema: public; Owner: postgres
--

SELECT pg_catalog.setval('public.room_players_room_player_id_seq', 55, true);


--
-- TOC entry 4912 (class 0 OID 0)
-- Dependencies: 218
-- Name: rooms_room_id_seq; Type: SEQUENCE SET; Schema: public; Owner: postgres
--

SELECT pg_catalog.setval('public.rooms_room_id_seq', 8, true);


--
-- TOC entry 4913 (class 0 OID 0)
-- Dependencies: 226
-- Name: wins_win_id_seq; Type: SEQUENCE SET; Schema: public; Owner: postgres
--

SELECT pg_catalog.setval('public.wins_win_id_seq', 1, false);


--
-- TOC entry 4726 (class 2606 OID 30120)
-- Name: __EFMigrationsHistory PK___EFMigrationsHistory; Type: CONSTRAINT; Schema: public; Owner: postgres
--

ALTER TABLE ONLY public."__EFMigrationsHistory"
    ADD CONSTRAINT "PK___EFMigrationsHistory" PRIMARY KEY ("MigrationId");


--
-- TOC entry 4731 (class 2606 OID 30232)
-- Name: master_card_numbers PK_master_card_numbers; Type: CONSTRAINT; Schema: public; Owner: postgres
--

ALTER TABLE ONLY public.master_card_numbers
    ADD CONSTRAINT "PK_master_card_numbers" PRIMARY KEY (master_card_number_id);


--
-- TOC entry 4728 (class 2606 OID 30226)
-- Name: master_cards PK_master_cards; Type: CONSTRAINT; Schema: public; Owner: postgres
--

ALTER TABLE ONLY public.master_cards
    ADD CONSTRAINT "PK_master_cards" PRIMARY KEY (master_card_id);


--
-- TOC entry 4718 (class 2606 OID 24946)
-- Name: called_numbers called_numbers_pkey; Type: CONSTRAINT; Schema: public; Owner: postgres
--

ALTER TABLE ONLY public.called_numbers
    ADD CONSTRAINT called_numbers_pkey PRIMARY KEY (called_id);


--
-- TOC entry 4720 (class 2606 OID 30215)
-- Name: called_numbers called_numbers_room_id_number_key; Type: CONSTRAINT; Schema: public; Owner: postgres
--

ALTER TABLE ONLY public.called_numbers
    ADD CONSTRAINT called_numbers_room_id_number_key UNIQUE (room_id, number);


--
-- TOC entry 4714 (class 2606 OID 24913)
-- Name: cards cards_pkey; Type: CONSTRAINT; Schema: public; Owner: postgres
--

ALTER TABLE ONLY public.cards
    ADD CONSTRAINT cards_pkey PRIMARY KEY (card_id);


--
-- TOC entry 4708 (class 2606 OID 24894)
-- Name: room_players room_players_pkey; Type: CONSTRAINT; Schema: public; Owner: postgres
--

ALTER TABLE ONLY public.room_players
    ADD CONSTRAINT room_players_pkey PRIMARY KEY (room_player_id);


--
-- TOC entry 4710 (class 2606 OID 24896)
-- Name: room_players room_players_room_id_user_id_key; Type: CONSTRAINT; Schema: public; Owner: postgres
--

ALTER TABLE ONLY public.room_players
    ADD CONSTRAINT room_players_room_id_user_id_key UNIQUE (room_id, user_id);


--
-- TOC entry 4703 (class 2606 OID 24879)
-- Name: rooms rooms_pkey; Type: CONSTRAINT; Schema: public; Owner: postgres
--

ALTER TABLE ONLY public.rooms
    ADD CONSTRAINT rooms_pkey PRIMARY KEY (room_id);


--
-- TOC entry 4705 (class 2606 OID 24881)
-- Name: rooms rooms_room_code_key; Type: CONSTRAINT; Schema: public; Owner: postgres
--

ALTER TABLE ONLY public.rooms
    ADD CONSTRAINT rooms_room_code_key UNIQUE (room_code);


--
-- TOC entry 4697 (class 2606 OID 24848)
-- Name: users users_email_key; Type: CONSTRAINT; Schema: public; Owner: postgres
--

ALTER TABLE ONLY public.users
    ADD CONSTRAINT users_email_key UNIQUE (phone_number);


--
-- TOC entry 4699 (class 2606 OID 24844)
-- Name: users users_pkey; Type: CONSTRAINT; Schema: public; Owner: postgres
--

ALTER TABLE ONLY public.users
    ADD CONSTRAINT users_pkey PRIMARY KEY (user_id);


--
-- TOC entry 4701 (class 2606 OID 24846)
-- Name: users users_username_key; Type: CONSTRAINT; Schema: public; Owner: postgres
--

ALTER TABLE ONLY public.users
    ADD CONSTRAINT users_username_key UNIQUE (username);


--
-- TOC entry 4724 (class 2606 OID 24972)
-- Name: wins wins_pkey; Type: CONSTRAINT; Schema: public; Owner: postgres
--

ALTER TABLE ONLY public.wins
    ADD CONSTRAINT wins_pkey PRIMARY KEY (win_id);


--
-- TOC entry 4711 (class 1259 OID 30238)
-- Name: IX_cards_master_card_id; Type: INDEX; Schema: public; Owner: postgres
--

CREATE INDEX "IX_cards_master_card_id" ON public.cards USING btree (master_card_id);


--
-- TOC entry 4712 (class 1259 OID 30239)
-- Name: IX_cards_room_id_user_id_master_card_id; Type: INDEX; Schema: public; Owner: postgres
--

CREATE UNIQUE INDEX "IX_cards_room_id_user_id_master_card_id" ON public.cards USING btree (room_id, user_id, master_card_id);


--
-- TOC entry 4729 (class 1259 OID 30240)
-- Name: IX_master_card_numbers_master_card_id; Type: INDEX; Schema: public; Owner: postgres
--

CREATE INDEX "IX_master_card_numbers_master_card_id" ON public.master_card_numbers USING btree (master_card_id);


--
-- TOC entry 4721 (class 1259 OID 25011)
-- Name: idx_called_numbers_room_id; Type: INDEX; Schema: public; Owner: postgres
--

CREATE INDEX idx_called_numbers_room_id ON public.called_numbers USING btree (room_id);


--
-- TOC entry 4715 (class 1259 OID 25008)
-- Name: idx_cards_room_id; Type: INDEX; Schema: public; Owner: postgres
--

CREATE INDEX idx_cards_room_id ON public.cards USING btree (room_id);


--
-- TOC entry 4716 (class 1259 OID 25009)
-- Name: idx_cards_user_id; Type: INDEX; Schema: public; Owner: postgres
--

CREATE INDEX idx_cards_user_id ON public.cards USING btree (user_id);


--
-- TOC entry 4706 (class 1259 OID 25007)
-- Name: idx_room_players_room_id; Type: INDEX; Schema: public; Owner: postgres
--

CREATE INDEX idx_room_players_room_id ON public.room_players USING btree (room_id);


--
-- TOC entry 4722 (class 1259 OID 25012)
-- Name: idx_wins_room_id; Type: INDEX; Schema: public; Owner: postgres
--

CREATE INDEX idx_wins_room_id ON public.wins USING btree (room_id);


--
-- TOC entry 4742 (class 2620 OID 24850)
-- Name: users update_users_updated_at; Type: TRIGGER; Schema: public; Owner: postgres
--

CREATE TRIGGER update_users_updated_at BEFORE UPDATE ON public.users FOR EACH ROW EXECUTE FUNCTION public.update_updated_at_column();


--
-- TOC entry 4734 (class 2606 OID 30241)
-- Name: cards FK_cards_master_cards_master_card_id; Type: FK CONSTRAINT; Schema: public; Owner: postgres
--

ALTER TABLE ONLY public.cards
    ADD CONSTRAINT "FK_cards_master_cards_master_card_id" FOREIGN KEY (master_card_id) REFERENCES public.master_cards(master_card_id) ON DELETE RESTRICT;


--
-- TOC entry 4741 (class 2606 OID 30233)
-- Name: master_card_numbers FK_master_card_numbers_master_cards_master_card_id; Type: FK CONSTRAINT; Schema: public; Owner: postgres
--

ALTER TABLE ONLY public.master_card_numbers
    ADD CONSTRAINT "FK_master_card_numbers_master_cards_master_card_id" FOREIGN KEY (master_card_id) REFERENCES public.master_cards(master_card_id) ON DELETE CASCADE;


--
-- TOC entry 4738 (class 2606 OID 24978)
-- Name: wins fk_card; Type: FK CONSTRAINT; Schema: public; Owner: postgres
--

ALTER TABLE ONLY public.wins
    ADD CONSTRAINT fk_card FOREIGN KEY (card_id) REFERENCES public.cards(card_id) ON DELETE CASCADE;


--
-- TOC entry 4732 (class 2606 OID 24897)
-- Name: room_players fk_room; Type: FK CONSTRAINT; Schema: public; Owner: postgres
--

ALTER TABLE ONLY public.room_players
    ADD CONSTRAINT fk_room FOREIGN KEY (room_id) REFERENCES public.rooms(room_id) ON DELETE CASCADE;


--
-- TOC entry 4735 (class 2606 OID 24914)
-- Name: cards fk_room; Type: FK CONSTRAINT; Schema: public; Owner: postgres
--

ALTER TABLE ONLY public.cards
    ADD CONSTRAINT fk_room FOREIGN KEY (room_id) REFERENCES public.rooms(room_id) ON DELETE CASCADE;


--
-- TOC entry 4737 (class 2606 OID 24949)
-- Name: called_numbers fk_room; Type: FK CONSTRAINT; Schema: public; Owner: postgres
--

ALTER TABLE ONLY public.called_numbers
    ADD CONSTRAINT fk_room FOREIGN KEY (room_id) REFERENCES public.rooms(room_id) ON DELETE CASCADE;


--
-- TOC entry 4739 (class 2606 OID 24973)
-- Name: wins fk_room; Type: FK CONSTRAINT; Schema: public; Owner: postgres
--

ALTER TABLE ONLY public.wins
    ADD CONSTRAINT fk_room FOREIGN KEY (room_id) REFERENCES public.rooms(room_id) ON DELETE CASCADE;


--
-- TOC entry 4733 (class 2606 OID 24902)
-- Name: room_players fk_user; Type: FK CONSTRAINT; Schema: public; Owner: postgres
--

ALTER TABLE ONLY public.room_players
    ADD CONSTRAINT fk_user FOREIGN KEY (user_id) REFERENCES public.users(user_id) ON DELETE CASCADE;


--
-- TOC entry 4736 (class 2606 OID 24919)
-- Name: cards fk_user; Type: FK CONSTRAINT; Schema: public; Owner: postgres
--

ALTER TABLE ONLY public.cards
    ADD CONSTRAINT fk_user FOREIGN KEY (user_id) REFERENCES public.users(user_id) ON DELETE CASCADE;


--
-- TOC entry 4740 (class 2606 OID 24983)
-- Name: wins fk_user; Type: FK CONSTRAINT; Schema: public; Owner: postgres
--

ALTER TABLE ONLY public.wins
    ADD CONSTRAINT fk_user FOREIGN KEY (user_id) REFERENCES public.users(user_id) ON DELETE CASCADE;


-- Completed on 2026-01-21 08:41:06

--
-- PostgreSQL database dump complete
--

